wfMu9CIQ, 
Mtx8298p, 
TZFqESDB, 
bdhs7cOb, 
6R2RlV5P, 
jdIaPDKr, 
uuYJQ4e6, 
ylS3YNtx, 
CedOrZEb, 
FLQm8Au8, 
XjwVReSl, 
GmZtYrmm, 
3f3Hy7RJ, 
UA3wL3oj, 
3YBxNRrP, 
iupRk2w2, 
Q5c2czII, 
VA9COPOt, 
lDsFSvWY, 
I7W6dXxG, 
RlrJGZFT, 
ui5nZP06, 
8vrCmmr7, 
YZk9C084, 
IPpP3WKM, 
sopn6g7y, 
qq9A2sUs, 
7MzsnKjZ, 
YDMeZ9bD, 
4EfufFPE, 
1bHZKBaI, 
DkPuAMCk, 
lnGYFzYm, 
Syl3s8B8, 
aVbgpZZO, 
wD04qzKA, 
47ia3b8F, 
Z9PHxhY9, 
FYXrviwU, 
8tyHnlTH, 
vzk7eUQP, 
Z3WXBk9d, 
R71IvkUg, 
qeL40Lyx, 
9ew5tEAt, 
jQs3ORt4, 
BQ6GEGJy, 
we9xSa3w, 
J5Z6YjaU, 
WsFhNb1L, 
y16CsHvw, 
XVOVGkb5, 
XKAOdmqj, 
25ajE3lR, 
3HsZn6AY, 
WBvXuxKc, 
vVmQZDEW, 
Ktp8PtE3, 
iiTNtLK6, 
GtEMG5ZV, 
B7e84Llh, 
52A4kZbN, 
yfdEV7Gr, 
q7i6xkLR, 
5HZKPRU7, 
Jm9ae8m1, 
BGprUtez, 
tv4NqlFe, 
nffEGhOA, 
lDs6Ly91, 
xoa8bqO4, 
tn0RykkL, 
DJPprRrA, 
YzzQWwDG, 
WtKT3JIa, 
LZwCNLQE, 
63v25W1j, 
gWkTyJNm, 
8tKFzhZs, 
nwXW6W5W, 
FFBd151K, 
uhNhrSZq, 
0pQ7E8iO, 
Z78C6WED, 
IXnXInCd, 
Qe8Kt31L, 
di3I1pf5, 
5oGPh4Mr, 
7EVXXtl7, 
YDQKMRcf, 
iJGNv7Os, 
EMdyTYdb, 
57SmhICg, 
b9ByMHWA, 
SA4iVBw1, 
4RmHhg00, 
ANBS98oG, 
OGr23fyZ, 
8pmY4ORW, 
NTO6LxeK, 
TFVnoLpl, 
qtXKPucQ, 
fbkHx4iR, 
OtiIj2Zh, 
C1ek6VQz, 
vJpVQD1x, 
PbE0jNQK, 
t9qym5em, 
8VMbvAYg, 
7zCF2IXO, 
1MCAowfb, 
SvYyOlak, 
nykxRnvd, 
1b8rA1xw, 
XqV4YFBO, 
OlyvD5wg, 
60OGpUmg, 
guL7Srcb, 
ymKs8ejw, 
DpwOTCN3, 
wfKGPmHf, 
O3jEbCaU, 
4LQuWcBn, 
I2feQp4V, 
0uZxre2L, 
nmkiFWuL, 
9nmMfcXO, 
TpcwP26e, 
WxKHTUdP, 
idVU9Eyg, 
cYGSZk0x, 
0QM0y3GC, 
ByecCYEt, 
Yj4YY8Sz, 
cTs2tUoE, 
Kv1FbeBQ, 
IXZ6mLDV, 
qLfrseTI, 
I4OyaW9O, 
SutitpnA, 
TbhQELWg, 
NGXSKXXw, 
RHpvLQ17, 
qXL1cfBt, 
Ro2NiPXA, 
3xC6dTVU, 
GlDhNoLQ, 
3P7WAJXX, 
YyX0TV38, 
cnGLFa5r, 
gftUmd5X, 
ttyS5vcL, 
hu8kzq98, 
aAVAs5DA, 
EhmeQq26, 
tG2T0F5U, 
sSuTIByc, 
MkVpTau5, 
FSUOJE1S, 
z5sq36Xk, 
Xa8RIp0w, 
dJoBjToV, 
aZsT96tG, 
w1WjiJby, 
04edT75f, 
klknHsIG, 
eD79gJ2c, 
Ad2HvFDi, 
uXWj4Xax, 
l6cS9U5c, 
H7lRGVXE, 
LN2A60fb, 
28O6ojch, 
c0ZFpu6A, 
CEbcHD2g, 
iaeTX8UR, 
OMw5yBoA, 
98bALW9g, 
JB1jls4F, 
77AkpWDs, 
BdmYW6Dx, 
qRwjAwGm, 
4Or49EiN, 
uTG9FIsK, 
fUUpTYcL, 
PDdPYacW, 
j3qZRBH6, 
y6NO3mWm, 
jHQDHtvb, 
9vmFdbBT, 
ShYfD5jI, 
iTjOlgso, 
AwojAjS0, 
B9UCrwPP, 
Voz0l3ea, 
CrqSjMCx, 
59hujsOK, 
EESkvfKn, 
wsrokzsp, 
RDGcCztt, 
SHrKr0IE, 
2aGbcbz9, 
7PQVrk67, 
AX8aYJu6, 
vUQ9l17R, 
K6O7e7ot, 
HgUGn3eG, 
uEAqxlS3, 
9mTMfcwy, 
ZdROzwzB, 
XL5BeVdM, 
nmAkfxbp, 
qUBLdU2k, 
bHj2Z66J, 
Pb9eWbUz, 
vDrmo36Y, 
vct92V2t, 
ilHp7Mvl, 
pBbbrJSz, 
vIet0DBQ, 
oAnVdxD0, 
U606u3SJ, 
rv4Pvmg7, 
MOhDxzXR, 
z4tpqnCP, 
JRnehe5X, 
cMmwA2QX, 
EMIkLSfJ, 
rtMcpmap, 
Jxmzy5aQ, 
IzWF3J6v, 
LsecBBpi, 
Psl00GxJ, 
WyBA2ukB, 
d9YC6TUa, 
azNY8sAv, 
RhHoqOeW, 
wi3bNnSV, 
WNKHiqEQ, 
7i2s9G1R, 
49XtbyQS, 
A1Ms9ED8, 
uEQUqTVE, 
sGbIGSzs, 
yRe26rru, 
tzlrfbCT, 
DH34bQ0u, 
RKPaEZnG, 
WRb2JcNY, 
d3YxyICk, 
vNFO2BcF, 
qS9YyQyT, 
FBxW7KJF, 
qUC7brH2, 
NAaDEm62, 
Hjht7ZeB, 
EbQ0MRAd, 
ZUR2sHed, 
6VuSSh46, 
NLhsd1uA, 
XC0aCaIa, 
U4YEwjX3, 
kRSMbpoT, 
mKYlqYEx, 
v6JVQjyp, 
JcKUPNFF, 
4ObsfBXT, 
0yKsgX3y, 
bZReqvCt, 
SJOnXI79, 
z5vcShlL, 
qq4cM4aQ, 
ILbCis3A, 
eun1AD1r, 
aOc1DxM8, 
4W9OTrfV, 
rDKyR1zm, 
ZDM2qaeS, 
FSHKR501, 
KuiQYj8l, 
W75XCg4f, 
t4hJ7QuA, 
hIcaIXG1, 
zHpTm4z5, 
hhd6jTTN, 
SMwQIdfB, 
qgAzEjv7, 
ud8TSHXY, 
LDYS0jnr, 
suR8jHMi, 
ht3WzAKm, 
ti9TRg6L, 
nv4OwsfU, 
6zq3MwGa, 
D4Ln5Kb2, 
mpJVz23Z, 
WBo9H7Jh, 
WuzJuJa3, 
taOEEzvr, 
eQOjDrCh, 
NW8MofbI, 
hKadwZAo, 
JqjOD4BN, 
Cpa3S7HE, 
W9j57eMI, 
8AlWYgkO, 
TNgxLu4i, 
4YCBn94J, 
MCNOlktF, 
wUHyp2zZ, 
ICvHnmtL, 
BEvz9Qav, 
z2Xt5XDt, 
G5tRfMJ6, 
XUUspJi4, 
ZnUtiAo9, 
u7umQTfB, 
vHAqe2kM, 
YHbeWhpX, 
YsVTMshq, 
28vMHsgQ, 
ASnDd0WG, 
TRIzLXpZ, 
PzxV17Cz, 
UuWsyqSm, 
yKXZ6IqZ, 
UZUkajyp, 
PUUAj5Z4, 
KIsnlv79, 
9zMl07xT, 
cK3ie9IX, 
iraBMqgp, 
7bxsbva7, 
2Wcv1e4e, 
lYYWvVWs, 
b3M0oYmn, 
ueA8hmAd, 
X3FlF92P, 
ox29Vdbt, 
zE7DejvW, 
04Txy8qX, 
sHCxRfIa, 
JzO5yvcK, 
JVZB2hTX, 
bfpkch3n, 
sbWekb7R, 
gzSjEMLC, 
yekjdVoz, 
vZ41gqYj, 
DKPeTTw3, 
YJvhQazC, 
DcMPKfSM, 
C684jOkm, 
dOB82Bq5, 
Xv1jyDXv, 
uy0wh2QI, 
5lhxCO69, 
L65qmf0b, 
anHhkkor, 
WJZ4Wpvr, 
532QZscm, 
1bG3aMN3, 
MYTFZGJm, 
FUCwpkpX, 
a5OgAlvD, 
fZwzhSAm, 
ZYFqcmt4, 
13XKP19z, 
M1Et6fD3, 
jcLsvNH4, 
upsViEjc, 
74QxMLGh, 
3JsWzobq, 
2gricZIp, 
9tg0sUPz, 
SjWWjcjA, 
zfErsyWz, 
OzKOXg8c, 
i7XbdITc, 
lfsOEeoi, 
7cs1JNLI, 
bDi6OMx2, 
gtHMkKAa, 
P2VoIpOC, 
Feo4sEnU, 
o7MVLO9P, 
m4tO7JKf, 
StBEur01, 
FIRNkl1k, 
rIOHPMpX, 
e3EqcGfH, 
70lLxn8Z, 
CCvMO1lP, 
3jebdnkf, 
mlIVcOWm, 
xWUTR0uH, 
Zi53atg0, 
lamYfC0H, 
MHwesrkS, 
mbPdX0y7, 
WaiIAOUg, 
rFfkxPFd, 
fTPfQWRr, 
KEcJK7Qh, 
y71dvLPF, 
tJ8lEQLQ, 
ACPZO3sG, 
GpuZUBiz, 
5pj7OT16, 
MkBoid14, 
ApaQnPvO, 
Jkt0FgiS, 
vHlCpfHL, 
d7Ajvm6S, 
tSp53m5W, 
xRXDEZ6f, 
q2fu8oro, 
98rc386u, 
s2FVjZ68, 
O3idA9Zw, 
2IW9xdtT, 
Eu9QxLgV, 
lj7b99el, 
qvrqbgpL, 
0fXQF7cf, 
2YTQuYfD, 
kyu4cNnO, 
AGs7TrV8, 
vQwZy5js, 
8SrSITf0, 
x2pXhkwN, 
jLwCwuFp, 
C3XxeLkM, 
lJFeUOtI, 
LBXslfib, 
ZGlDiWUj, 
qYVxCYH9, 
QX1VLRcL, 
uOXhDWbd, 
A76PoYXh, 
ix3VAFlT, 
VDYuwUks, 
JD6BcIZ8, 
SFb008LM, 
ziJ5yflR, 
HXtblhrn, 
OyzfZJDF, 
7ZAv9QXi, 
4lX0Cm0K, 
va5RiY8e, 
KM4wpqVy, 
7WCmLbay, 
BxV7shDZ, 
bXEim4Kv, 
nggQXbvQ, 
R1TTVeP6, 
74tbWv9C, 
XNOoSHJT, 
fJER1pRF, 
ooxkhk4o, 
Q2y2n4Pq, 
fyMNRXbB, 
3ajaTQwd, 
U15Y82g1, 
I4YPiSG1, 
NhCjv9hm, 
FScNn9By, 
giZeMLJp, 
VSMfF0TE, 
Vxn6yEMv, 
fwty9GAL, 
21DbGU5Y, 
OfvrlpB7, 
sMdYDNOI, 
zH4Blt3h, 
tv7wkmhw, 
cSmzKZ7D, 
e0iqZcht, 
VW3fpbH8, 
dXOBDm7s, 
CeLZHQtW, 
crlx8TeW, 
JUNY67Zu, 
3a55zOAz, 
8FQiPMnL, 
weyPIMHO, 
dqw8xHND, 
v3zI2xwp, 
yVzTHCQy, 
4rPMCqpA, 
HHWanvFe, 
XvJMqkDp, 
i1fhcJuA, 
qActeFLi, 
SIEnSvhw, 
TBU5h5gU, 
l3DOAwKH, 
FqAF5kun, 
YVypOVUm, 
mtp82LxU, 
9WF5ePH5, 
l8VYdXFn, 
rVi7rCBQ, 
WCTwK5KB, 
2Ta4gKfZ, 
b1kd4DYS, 
1QQPLSDO, 
jpajuT34, 
6uWSw44h, 
4OCgP7wq, 
kQcOKv0s, 
Y0XMsY4L, 
kYwIvMt0, 
H1OlTrzo, 
r8YCmCGB, 
itUrThPn, 
MUbL9AQi, 
pQOYj9cq, 
5hv51nt4, 
aVsNxbc8, 
6oNZ6xwo, 
xjkdHktv, 
deDaQAiH, 
zqw12eML, 
VddO4f9X, 
McSOXgi4, 
MoTYRXi9, 
OT2DA5ZU, 
zgzIoGDu, 
VGLv98Ki, 
e7HTz4kd, 
NolOysNb, 
KY1zk9TY, 
5N0sbWu4, 
7dIDOjsU, 
rAre6NiE, 
MVtjrcbg, 
wy5n5BaD, 
bQBx5KcU, 
1Z2WDkYG, 
Xx1e1FBz, 
X19M4UZZ, 
x3BQpy43, 
xBWv9MSA, 
uPMzwmXa, 
HKVfc9rL, 
YNnUitKS, 
TCcbee6W, 
fmBcLUnC, 
Z4lW7wKC, 
ebF7Dzl9, 
Ofed2WtH, 
Iq0aWszS, 
YK2URcVv, 
POcSKzDh, 
2v0rXeTl, 
ECwNL1Ty, 
rdhHJq7G, 
dgxynxtt, 
v4fC6Bn7, 
CV24pmfb, 
746b95lh, 
gIgoRyLL, 
hgLXjkDn, 
PWaijjd3, 
WaBgIpbs, 
Pz7D4XFh, 
ui2oEc9X, 
qsXBXClc, 
ojkNjdjw, 
cWx04UCA, 
eVDgE5ch, 
Nu6LDG7b, 
Oicg8FSc, 
vxqwwRuU, 
zbkLBu78, 
JxAHsoBF, 
IfjzebDx, 
qaMSMDfK, 
EitZWOTQ, 
GjkxlY3d, 
2rSP3OIW, 
I82ojFwY, 
b6EpSJNB, 
q9OataZc, 
SSZ6rtAT, 
jnyfM8YR, 
RvPe62yM, 
CWvKct0z, 
WGci9ZjY, 
fFD7Vd2A, 
BZyxxIYn, 
1GLXfWKo, 
rHJEIf6J, 
uNhYJksT, 
3SNxWBNB, 
rrui2Dsd, 
eHdCn1Fd, 
afPvaSxh, 
DugqgxOx, 
3biB09HW, 
YZlZr2CH, 
fcMnsanm, 
N9ormjSS, 
5HiQCiEV, 
LFmpKwAs, 
VT7Hgv9p, 
pFaIs31x, 
NczB53uS, 
khwSYrsN, 
MoluEojv, 
ZYFmQyKd, 
tYutRTu9, 
T647UtsY, 
mUmhXNgn, 
7zPPsf4q, 
Gmautlx1, 
1SlNf73t, 
jI4aYmJF, 
7OSzpiGx, 
lH5HJZlB, 
J8HJAWu0, 
lUmCtOhC, 
9HVXcaA7, 
rHlia3VX, 
trtEMdVT, 
KvZysPHA, 
6L5mCjll, 
5K4beJQ6, 
leylwp0f, 
gnNIpPa1, 
d2G1V8yj, 
QcwYvbyF, 
on0jkEKh, 
dEhCnWfi, 
JZAyUGkr, 
r5U8Doir, 
FHx5QwvD, 
zWazy4yf, 
zTxzjtPm, 
zpJtv6FL, 
fwUDNUDm, 
gS0lDnXm, 
xZuw3aee, 
DATzq7YP, 
btxf6m9C, 
gYN9XMEW, 
zRvFk3zR, 
ASk8auMF, 
HJIjlBhB, 
li95uGao, 
MMb3s1cG, 
HUmB7OlB, 
ebynXW7V, 
P60SxlsE, 
i2mhrXWr, 
O0FHegfn, 
WJkmOIHw, 
aaQGHcNI, 
Logbmh6k, 
ErswxvZr, 
K4OJhBRG, 
s3tN8b5g, 
wce25ES2, 
rltRgYEg, 
ByQ41Z83, 
BIdso6oe, 
QB9gBxYv, 
NqWFSLNV, 
EDBcLmlS, 
Ytj9ycfA, 
1yYkrylA, 
Z1yZ8Q3n, 
io9dC7tC, 
k7yUzi3i, 
746L4xbc, 
O8b8nzYO, 
D9nzFFjR, 
SipgDB65, 
xf3jT7AI, 
g72z34MS, 
1hrFKK1X, 
ydg0GhMg, 
eeqenjmM, 
xHJy26s5, 
wwmNT3xy, 
LOyNlYDE, 
mXo3gOC5, 
p9NSLpqP, 
ZmQQ9mQR, 
TgBumz8w, 
0WNxSh61, 
dWZ2AAkw, 
LrPrneCA, 
djULcBmH, 
mQsgXo48, 
bRsFsT6y, 
K1YYpNOM, 
gEiIfIg2, 
LNY2ROGO, 
yk1hNW3v, 
8EmaF5Q0, 
c2ZQ9Qhx, 
XZ8MpjAi, 
7CulfaoU, 
HN8gPzt4, 
h8LuFzRy, 
LRXnWERI, 
NoaFhaMW, 
baeDTMDl, 
vaB65Djs, 
XhZbUZ0k, 
8ngWbSGX, 
Tddp7PYU, 
lSdLvxfm, 
yB5Ked7o, 
GRZBlP7k, 
rAFXW6dn, 
Zg4cvtuV, 
BvkpIXmw, 
nG2d4f2B, 
jqTeu83F, 
nrDfc6tO, 
OW9Jz6yw, 
h2o4cgPK, 
L0cvVv08, 
cu05d7XV, 
0UxLzBsV, 
tR5U7D2j, 
Rqp5ZcKn, 
liqMMXgB, 
CJdvz2in, 
dSmsPa2n, 
qbQ299P8, 
lkBHgPy1, 
fcMvUqyv, 
YIQhBsCJ, 
DuYLjGcP, 
ozLAsqS7, 
iwGtHnVq, 
Wu5Dwcrv, 
86cCdx1y, 
SBV0x1gv, 
GMr3U2kJ, 
uJodS93i, 
NlkAtX4P, 
CNEzanZn, 
Wm8wh58X, 
57miUmbv, 
gH9H6yg8, 
Iva4ysW5, 
zwyMrPUD, 
nygzzjmh, 
tMI3pT8Q, 
6Bj169To, 
fC0IDa4c, 
xFGF8Hbi, 
9E8dCqeO, 
nJlkkXi1, 
CHtu0r9P, 
jU1WUpny, 
tSGs150i, 
W9UWKSWr, 
hm51keIn, 
CGntyaIR, 
uVhysJhQ, 
IWoqLjzw, 
rB7GLUl2, 
25hbPcpx, 
ovQOolgU, 
16nZmDzf, 
rdnyA58Z, 
4dwITPTW, 
UuloQmGl, 
Sl7okiKc, 
VRZYDJU5, 
mWB6lZRR, 
oAGeV4pT, 
6Z0jVyaa, 
T6gddFCo, 
CZiIPfuq, 
GKc56Xg9, 
0uBkONvX, 
iX4mHlxv, 
zbdsn1CE, 
WqoBCtlq, 
5QpQ8eoN, 
QYt96MKU, 
mzIqgsuz, 
T9SzUa12, 
TrYqBfga, 
ycir2a0i, 
YGwyCzRS, 
Fx8u4IDK, 
8J1fnaiz, 
ImoWvcNg, 
01sFuaPF, 
JfPUZbf8, 
fLFD44E2, 
6PU4MJqH, 
cTl9OoVX, 
HsHytDTy, 
ht0mtbTT, 
67uua3dN, 
uy8oWzsd, 
GdnTNnA1, 
t0rYvLYk, 
fpERKJMy, 
PSmVL4zN, 
xsGtzwU5, 
el4NBiPP, 
SmCD1afY, 
nH4pFjJw, 
J46BrGyk, 
YKnaFWMo, 
EGAQYiZR, 
e3dqtHmI, 
avwt4Z7f, 
2dyUlEpd, 
D7i2imW1, 
KiZ3E0Kd, 
G5t1XSLN, 
pzZw52GS, 
7A6gXcxY, 
cXxqyzHb, 
QMmtECC6, 
njUxF3EV, 
gm3C4qFO, 
NZoqhSDA, 
UEs3bwtW, 
IVD2UJbK, 
ELDeEa8b, 
DcehGZKB, 
FHzsER3h, 
pYKwvOLi, 
wcyyKvMH, 
0tCRhofc, 
yQrY4J7H, 
6jXrZlM3, 
FZ8wxCbo, 
YTJ5vUQO, 
4hxBvtDX, 
p4zAvB7x, 
dB3deCSA, 
TuFT0ZQE, 
8RnUoDEK, 
HGolp79z, 
HvJJeeuM, 
fsJqoKBo, 
IVFnCFLS, 
2Bx4vUyd, 
chydWwOR, 
VoowgUzc, 
7RPYkkii, 
Slv7b6Xp, 
ybAzBuyW, 
YVIWxoPm, 
181w9UXV, 
jjVqbzZp, 
TXC01PsN, 
9ksh9atK, 
C7Spm9ml, 
6PNgZcNy, 
bG0ht8yV, 
G33jiIhV, 
rb72OfP3, 
cHQB1U8z, 
NBFt5LkH, 
rgxIlgNK, 
hRsxsYi0, 
VZtZQXfL, 
oVORpldH, 
x6kW5lj9, 
q00pcUiu, 
NYl0Blj0, 
TV2o0O34, 
9MJmOFop, 
ujcvc4EG, 
gcSXBWn9, 
ZAWuKJIa, 
w6w6mdqq, 
7wHsM93c, 
th5Zr8Ma, 
sSO9sQQ1, 
ez883LtW, 
GuGjNUjN, 
Pw55kgnI, 
a3WhtufW, 
jjZ9XfBx, 
UvebA0Gy, 
iDxznp2G, 
0q3QFQsm, 
ewvs1ImQ, 
LFPdmFv6, 
H9E3dDVJ, 
LSuoqg3Z, 
bHeOKLZR, 
6lLOb4bb, 
TMDW9jf9, 
8gaGqmOs, 
1MKnZiOb, 
Eb64NCQg, 
EgvoR3Fl, 
qp1SwYeg, 
9V36Fr0b, 
Cpi2KJfC, 
tsRlJwGK, 
36AFEYsR, 
pnnXGBdG, 
Fizaa8B4, 
OnwY54bR, 
xk1KKZMG, 
EwIubnZX, 
ICYhN22v, 
EAYHWYre, 
ucFOdxda, 
72HxcGrq, 
ID6boobL, 
D3MB2xXy, 
izKCo2yk, 
1dUHkm1F, 
dOasWvVB, 
9n75aJj4, 
xS2ZoMoz, 
322zBrPV, 
56GIsVGo, 
2TgImpHO, 
DbWWkBuw, 
Ydy1ZG1n, 
7ZnRksrV, 
7sCdZCox, 
sRmzpAmc, 
tipEEeMv, 
YR5s46uf, 
M01okDTQ, 
cWUKMffc, 
HiUuaCnS, 
S1MfE79Y, 
C9jAhmoi, 
L7RrBCsA, 
4oZKxWc9, 
yDu3pNH3, 
QDBbQhmn, 
YriUMgqo, 
SyxIZRZ7, 
Pov8qtgB, 
bnpgQal5, 
f7b3yxrf, 
HykZuEzt, 
NwujCyzt, 
DczvAYPo, 
CQggHgn7, 
jjrUDsvv, 
hiBhJS0S, 
mzBkNt6m, 
lvLkK6t6, 
lMVzoaU7, 
ZgcGBgXE, 
uHf0TUXU, 
wQwfvRKD, 
9QUhGOf9, 
CF8qvh62, 
ZAhrpupB, 
fXNeCFGO, 
P7FOgVvF, 
GDh46U6Z, 
oUEJxbQ1, 
mDDAVHCz, 
xS1KKbBW, 
hQ4c8gLr, 
t6GHKa3n, 
m1ThwdmO, 
oFKpcDef, 
GXpZuPZg, 
uj15RyZO, 
rXQGB2GU, 
ThajJj7Z, 
AGbKbUT6, 
AEegtlmw, 
AtiW043j, 
fUUs8Fgh, 
MOiWnSgh, 
JCgW8kEx, 
euODWWvZ, 
LAGpV0il, 
jzg8V6bc, 
sZHxrJBA, 
ClVbKxAO, 
DDqTt3Ie, 
xSQDMXdB, 
e6IsJStc, 
UjGWtnqO, 
zP6FZ8AJ, 
9TfEljAB, 
Vd9etS4g, 
zpx6pmw5, 
lc8C48Xc, 
F28t6qrl, 
1x6lug1Y, 
WZIc9OIk, 
